date,actual_close,predicted_close
2026-03-27,613.2924194335938,710.4888
2026-03-28,610.7012329101562,708.4769
2026-03-29,605.6762084960938,705.8973
2026-03-30,608.5535278320314,702.8214
2026-03-31,617.0491943359375,699.58484
2026-04-01,610.6229858398438,696.6402
2026-04-02,583.1368408203125,693.8254
2026-04-03,588.1000366210938,690.2922
2026-04-04,593.28369140625,686.479
2026-04-05,601.5355834960938,682.7684
2026-04-06,600.3857421875,679.55237
2026-04-07,620.898681640625,676.7955
2026-04-08,601.1722412109375,675.1611
2026-04-09,602.8275146484375,673.78143
2026-04-10,605.9915161132812,672.66
2026-04-11,607.3914184570312,671.85846
2026-04-12,592.2140502929689,671.36005
2026-04-13,615.05126953125,670.5888
2026-04-14,614.0372314453125,670.3739
2026-04-15,622.6653442382812,670.5666
2026-04-16,635.5833740234375,671.33936
2026-04-17,643.4501342773438,672.94965
2026-04-18,630.3224487304688,675.3941
2026-04-19,616.5244750976562,677.9324
2026-04-20,629.2551879882812,679.9576
2026-04-21,631.7921752929688,681.9166
2026-04-22,637.9317626953125,683.8477
2026-04-23,638.7262573242188,685.8974
2026-04-24,636.4029541015625,687.9981
2026-04-25,628.6572875976562,689.98737
2026-04-26,636.1114501953125,691.5634
2026-04-27,626.9642333984375,693.0139
2026-04-28,624.31103515625,694.0282
2026-04-29,617.3297729492188,694.5892
2026-04-30,615.0667114257812,694.5643
2026-05-01,615.3310546875,694.02985
2026-05-02,617.82763671875,693.15216
2026-05-03,617.4823608398438,692.14667
2026-05-04,622.6590576171875,691.08655
2026-05-05,630.3912353515625,690.20593
2026-05-06,647.57373046875,689.7607
2026-05-07,637.02197265625,690.2395
2026-05-08,649.0093383789062,691.05945
2026-05-09,649.7373657226561,692.4813
2026-05-10,663.6634521484374,694.325
2026-05-11,669.9736328125,696.866
2026-05-12,664.5411376953125,700.04645
2026-05-13,671.3828125,703.4032
2026-05-14,677.9397583007812,706.9735
2026-05-15,672.111328125,710.7847
2026-05-16,656.2160644531249,714.4437
2026-05-17,648.7941284179688,717.3205
2026-05-18,643.0562133789062,719.2437
2026-05-19,639.4500122070312,720.19336
2026-05-20,648.8192749023438,720.2715
2026-05-21,657.349853515625,720.02246
2026-05-22,649.4689331054688,719.85455
2026-05-23,655.7096557617188,719.5262
2026-05-24,656.0982666015625,719.30194
2026-05-25,662.3038330078125,719.1916
2026-05-26,655.5963745117188,719.38086
2026-05-27,648.1592407226562,719.5744
2026-05-28,637.4937744140625,719.51013
2026-05-29,642.2872924804688,718.892
2026-05-30,717.9337768554688,718.02747
2026-05-31,708.584228515625,719.51324
2026-06-01,692.1307983398438,722.483
2026-06-02,650.4299926757812,725.89526
2026-06-03,620.0994262695312,728.0961
2026-06-04,603.5347290039062,728.24
2026-06-05,572.1068725585938,726.2499
2026-06-06,574.5108032226562,721.6937
2026-06-07,603.6289672851562,715.45734
2026-06-08,601.6277465820312,709.1971
2026-06-09,592.8506469726562,703.1599
2026-06-10,586.173828125,697.2533
2026-06-11,605.0415649414062,691.44293
2026-06-12,603.5065917968749,686.5377
2026-06-13,609.5437622070312,682.45374
2026-06-14,616.0859375,679.3225
2026-06-15,617.421875,677.22314
2026-06-16,604.3461303710938,676.00006
2026-06-17,600.9586791992188,675.01514
2026-06-18,578.0147094726562,674.0867
2026-06-19,581.1637573242188,672.4387
2026-06-20,587.6138916015625,670.37195
2026-06-21,583.7516479492188,668.27563
2026-06-22,589.918701171875,666.1127
2026-06-23,577.5996704101562,664.1831
2026-06-24,563.7708129882812,662.0944
2026-06-25,559.7989501953125,659.4842
2026-06-26,566.8584594726562,656.4243
2026-06-27,556.390869140625,653.36847
2026-06-28,550.69970703125,650.0862
2026-06-29,558.668212890625,646.55334
2026-06-30,545.6861572265625,643.221
2026-07-01,550.1094970703125,639.73206
2026-07-02,558.0145263671875,636.38464
2026-07-03,573.4421997070312,633.5301
2026-07-04,574.9729614257812,631.67255
2026-07-05,588.9351196289062,630.69226
2026-07-06,585.4335327148438,630.8639
2026-07-07,576.7965698242188,631.7711
2026-07-08,568.3060913085938,632.8791
2026-07-09,568.4684448242188,633.7759
2026-07-10,575.031982421875,634.45557
2026-07-11,574.8894653320312,635.1558
2026-07-12,573.9483032226562,635.8449
2026-07-13,566.6336669921875,636.4696
2026-07-14,581.7556762695312,636.7774
2026-07-15,580.1040649414062,637.3373
2026-07-16,572.1932373046875,638.0304
2026-07-17,567.7648315429688,638.5354
2026-07-18,570.2855224609375,638.72345
2026-07-19,570.4041748046875,638.7461
2026-07-20,570.7332763671875,638.6539
2026-07-21,573.5968627929688,638.4952
2026-07-22,570.7539672851562,638.39386
2026-07-23,566.9454956054688,638.251
2026-07-24,564.3374633789062,637.9536
2026-07-25,568.46875,637.45996
2026-07-26,574.5038452148438,636.97394
2026-07-27,565.73046875,636.72107
2026-07-28,570.4871826171875,636.36725
2026-07-29,571.4020385742188,636.10077
2026-07-30,592.0128173828125,635.9439
2026-07-31,586.427001953125,636.56793
2026-08-01,574.9596557617188,637.5893
2026-08-02,587.5682983398438,638.4763
2026-08-03,588.795166015625,639.6301
2026-08-04,592.8079223632812,640.9891
2026-08-05,593.2213134765625,642.5852
2026-08-06,591.6528930664062,644.31555
2026-08-07,592.1971435546875,646.0278
2026-08-08,600.4220581054688,647.67694
2026-08-09,601.7662963867188,649.4933
2026-08-10,598.6873168945312,651.42395
2026-08-11,616.4986572265625,653.27045
2026-08-12,609.6798095703125,655.5794
2026-08-13,610.0366821289062,657.9441
2026-08-14,607.5797729492188,660.27
2026-08-15,607.104248046875,662.3985
2026-08-16,602.4793701171875,664.28314
2026-08-17,605.17236328125,665.76447
2026-08-18,603.5281982421875,666.9802
2026-08-19,626.4718017578125,667.90924
2026-08-20,654.9075317382812,669.3634
2026-08-21,686.966796875,672.14136
2026-08-22,695.7017211914062,676.91425
2026-08-23,701.8467407226562,683.3247
2026-08-24,703.6381225585938,690.91437
2026-08-25,694.0257568359375,699.13586
2026-08-26,707.8804931640625,707.176
2026-08-27,712.1705932617188,715.2002
2026-08-28,691.1170043945312,723.0574
2026-08-29,692.6039428710938,729.8127
2026-08-30,684.8091430664062,735.52637
2026-08-31,691.0252685546875,740.01404
2026-09-01,682.7491455078125,743.6429
2026-09-02,688.2100219726562,746.2669
